Title,Price,Brand,RAM,Rating,Storage,Windows,Color,Processor
"Dell 15, Intel Core i5 13th Gen-1334U Processor, 16GB DDR4, 512GB SSD, FHD, 15.6""/39.62cm, Windows 11, MSO 2024, Grey, 1.66kg, [Vostro 3530], 120Hz 250 nits, 15 Month McAfee, Thin & Light, Laptop","56,990",DELL,16GB,3.7,512GB,Windows 11,N/A,Intel Core i5
"Dell SmartChoice G15-5530, Intel Core i5 13th Gen - 13450HX, NVIDIA RTX 3050-6GB, 16GB RAM, 1TB SSD, FHD 15.6""/39.62 cm, Windows 11 Home, MS Office 21, Dark Shadow Grey, 2.65Kg Gaming Laptop","77,787",DELL,16GB,4.0,1TB,Windows 11,N/A,Intel Core i5
"BrowseBook 14.1"" FHD IPS Laptop | Best Student & Office Work Laptop | Celeron N4020 | 4GB RAM | 128GB SSD | Windows 11 | 38Wh | 1.3kg | Grey","12,990",BROWSEBOOK,4GB,3.0,128GB,Windows 11,N/A,N/A
"EBook 11.6"" HD Laptop | Best Student & Office Work Laptop | Celeron N4020 | 4GB DDR4 | 128GB eMMC + M.2 SSD Expandable Slot | Win 11 Home |31Wh Battery | UHD Graphics 600 | Black","10,990",EBOOK,4GB,4.0,N/A,Windows 11,Black,N/A
"JioBook 11 with Lifetime Office | Android 4G Laptop Mediatek 8788 (JioOS) | Octa-core | 4GB RAM | 64 eMMC Storage | Thin and Light Laptop (11.6 inch, 990 Grams) | Dual Band WiFi + SIM | Blue","10,990",JIOBOOK,4GB,2.9,N/A,N/A,Blue,N/A
"HP 15, AMD Ryzen 7 7735HS (16GB DDR5,512GB SSD) FHD, Anti-Glare, Micro-Edge, 15.6''/39.6cm, Win11, M365 Basic(1yr)* Office24, Silver, 1.59kg, fc1038AU, AMD Radeon FHD Camera w/Shutter, Backlit Laptop","56,017",HP,16GB,4.0,512GB,Windows 11,Silver,N/A
"HP 15, 13th Gen Intel Core i3-1315U, (8GB DDR4,512GB SSD) Anti-Glare, Micro-Edge, FHD,15.6''/39.6cm, Win11,M365 Basic(1yr),Office24, Silver,1.59kg, fd0572TU, FHD Camera w/Shutter, Backlit Laptop","39,990",HP,8GB,4.1,512GB,Windows 11,Silver,Intel Core i3-1315U
"HP Smartchoice OmniBook 5 (Previously Pavilion) 50 TOPS, AMD Ryzen AI 7 350 (16GB LPDDR5X, 512GB SSD) WUXGA 2K, Touch, 16''/40.6cm, Win11,Office24, Silver, 1.8kg, ag1048au, Next-Gen AI Copilot+ Laptop","81,990",HP,16GB,4.0,512GB,Windows 11,Silver,N/A
"HP Chromebook X360 Intel Celeron N4020 14 inch(35.6 cm) Micro-Edge, Touchscreen, 2-in-1 Laptop (4GB RAM/64GB eMMC/Chrome OS/Intel UHD Graphics,1.49Kg), 14a-ca0506TU","27,990",HP,4GB,3.9,N/A,N/A,N/A,N/A
"ASUS Gaming V16 (2025) 14th Gen,Intel Core 7 240H Gaming Laptop (RTX 4050-6GB/16GB RAM/512GB SSD/Windows 11 Home/16/144Hz/M365*/Office Home 2024, Matte Black,1.95 Kg),V3607VU-RP275WS","89,990",ASUS,16GB,4.2,512GB,Windows 11,Black,N/A
"Dell 15, Intel Core 3 14th Gen-100U, 16GB DDR4, 512GB SSD, FHD IPS, 15.6""/39.62cm, Win 11 Office H&S 2024, Carbon Black, 1.63Kg, Intel UHD Graphics, Thin & Light, Laptop Model NO - Dell 15 DCU5250","44,326",DELL,16GB,3.9,512GB,Windows 11,Black,N/A
"MSI Katana A17 AI, AMD 8th Gen. Ryzen 9 8945HS,Built-in AI, 44CM Laptop(16GB/1TB NVMe SSD/Windows 11 Home/Nvidia GeForce RTX4050, 6GB GDDR6/Black/2.6Kg), B8VE-884IN","1,12,999",MSI,N/A,4.5,1TB,Windows 11,Black,N/A
"MSI Thin 15, Intel 13th Gen. Core i5-13420H, 40CM FHD 144Hz Gaming Laptop(16GB/512GB NVMe SSD/Windows 11 Home/NVIDIA GeForce RTX 3050,GDDR6 4GB/Cosmos Gray/1.86Kg), B13UC-1805IN","58,990",MSI,N/A,4.2,512GB,Windows 11,Gray,N/A
"acer Aspire Go 14,14th Gen, Intel Core Ultra 5 125H, 16GB DDR5, 512GB, WUXGA IPS, 14.0""/35.56cm, Win 11, MS Office, Steel Gray, 1.5 kg, AG14-71M, Backlit KB, AI Powered Laptop","53,326",ACER,16GB,3.7,N/A,Windows 11,Gray,N/A
"Dell 15, Intel Core i5 13th Gen-1334U Processor, 16GB DDR4, 512GB SSD, FHD, 15.6""/39.62cm, Windows 11, MSO 2024, Grey, 1.66kg, [Vostro 3530], 120Hz 250 nits, 15 Month McAfee, Thin & Light, Laptop","56,990",DELL,16GB,3.7,512GB,Windows 11,N/A,Intel Core i5
"Lenovo IdeaPad Slim 3, 12th Gen Intel Core i5-12450H (16GB LPDDR5, 512GB SSD), Anti-glare, FHD 15.6""(39.6cm), Win 11, Office Home 2024, Arctic Grey, 1.62Kg, 83ER00MDIN, Thin & Light, Backlit KB Laptop","49,990",LENOVO,16GB,4.2,512GB,Windows 11,N/A,Intel Core i5-12450H
"HP Pavilion Plus, Intel Core i5-1335U-13th Gen Laptop, (16GB LPDDR5x,512GB SSD),IPS, 300 nits, 14''(35.6cm) 2K,Win 11, M365 Basic(1yr), Office Home 24, Silver,1.38kg, 5MP Camera w/Shutter, ew0107TU","61,990",HP,16GB,3.6,512GB,Windows 11,Silver,Intel Core i5-1335U-13th
"ASUS Vivobook 15, Smartchoice, AMD Ryzen 7 5825U, 16GB RAM, 512GB SSD, FHD 15.6"", Windows 11, Office Home 2024, Quiet Blue, 1.7Kg, M1502YA-BQ703WS, AMD Radeon iGPU, M365 Basic (1Year)*, 42Whr Laptop","47,990",ASUS,16GB,4.3,512GB,Windows 11,Blue,N/A
"ASUS Vivobook 15 (2025), 13th Gen,Intel Core i3-1315U, 8GB RAM, 512GB SSD, FHD, 15.6"", 39.6 cm, Windows 11 Home,M365 Basic(1 Year)* Office 2024,Cool Silver,1.7 Kg, X1504VA-D5321WS, Thin & Light Laptop","37,827",ASUS,8GB,5.0,512GB,Windows 11,Silver,Intel Core i3-1315U
"Dell 15, Intel Core 3 14th Gen-100U, 16GB DDR4, 512GB SSD, FHD IPS, 15.6""/39.62cm, Win 11 Office H&S 2024, Carbon Black, 1.63Kg, Intel UHD Graphics, Thin & Light, Laptop Model NO - Dell 15 DCU5250","44,326",DELL,16GB,3.9,512GB,Windows 11,Black,N/A
"Lenovo V15 G4 AMD Ryzen 5 7520U 15.6 inch FHD Laptop, AMD Graphics, 16GB DDR5 5500Mhz Ram, 512GB SSD NVMe, Windows 11, Dolby Audio, Arctic Grey, 1 Year Onsite Brand Warranty","41,610",LENOVO,16GB,4.0,512GB,Windows 11,N/A,N/A
"ASUS Vivobook 14,Smartchoice,AMD Ryzen AI 5 330, 16GB RAM, 512GB SSD,FHD+ 14"", Win11,Office24, M365 Basic (1Yr)*,Quiet Blue, 1.46Kg,M1407KA-LY132WS,AMD Radeon iGPU, 50 Tops,Next-Gen AI Laptop,Copilot+","59,990",ASUS,16GB,3.3,512GB,Windows 11,Blue,N/A
"Dell 15, Intel Core i5 13th Gen-1334U Processor, 16GB DDR4, 512GB SSD, FHD, 15.6""/39.62cm, Windows 11, MSO 2024, Grey, 1.66kg, [Vostro 3530], 120Hz 250 nits, 15 Month McAfee, Thin & Light, Laptop","56,990",DELL,16GB,3.7,512GB,Windows 11,N/A,Intel Core i5
"Dell 15, Intel Core 3 14th Gen-100U, 16GB DDR4, 512GB SSD, FHD IPS, 15.6""/39.62cm, Win 11 Office H&S 2024, Carbon Black, 1.63Kg, Intel UHD Graphics, Thin & Light, Laptop Model NO - Dell 15 DCU5250","44,326",DELL,16GB,3.9,512GB,Windows 11,Black,N/A
"Lenovo V15 Intel Core i3 13th Gen (16GB RAM/512GB SSD/Windows 11 Home/Office 2024/Iron Grey) 15.6"" FHD (1920x1080) Antiglare 250 Nits Thin & Light Laptop/1Y Onsite/1.65 kg, 83CCA08KIN",N/A,LENOVO,16GB,4.0,512GB,Windows 11,N/A,Intel Core i3
Thomson NEO 14.1 Inch IN-N14C Intel Celeron Dual Core N4020 Processor Windows 11 Home Notebook (8 GB RAM DDR4/ 256 GB SSD/Thin & Light Weight/Silver/Non Stop Performance Beyond 15 Hrs),"17,990",THOMSON,8GB,4.5,256GB,Windows 11,Silver,N/A
"Dell SmartChoice G15-5530, Intel Core i5 13th Gen - 13450HX, NVIDIA RTX 3050-6GB, 16GB RAM, 1TB SSD, FHD 15.6""/39.62 cm, Windows 11 Home, MS Office 21, Dark Shadow Grey, 2.65Kg Gaming Laptop","77,787",DELL,16GB,4.0,1TB,Windows 11,N/A,Intel Core i5
"HP Omnibook 5 OLED (Previously Pavilion), Snapdragon X Processor (16GB LPDDR5x,1TB SSD) 2K OLED,16''/40.6cm, Win11, M365*Office24, Glacier Silver, 1.59kg, fb0001QU, Backlit, Next-Gen AI Laptop","69,990",HP,16GB,4.1,1TB,Windows 11,Silver,N/A
"Lenovo V14 Intel Core i3 13th Gen 14"" FHD (1920x1080) Antiglare 250 Nits Thin and Light Laptop (8GB RAM/512GB SSD/Windows 11 Home/Office Home 2024/Iron Grey/1.43 kg), 83A0A0PBIN","45,490",LENOVO,8GB,3.8,512GB,Windows 11,N/A,Intel Core i3
"Lenovo Smartchoice Ideapad Slim 3, 13th Gen Intel Core i7 13620H, 16GB RAM, 512GB SSD, WUXGA IPS, 15.3""/38.8cm, Win 11, Office 2024, Top Metal Cover Grey, 1.6Kg, 83K100CJIN/S1IN, Backlit KB, Laptop","75,990",LENOVO,16GB,4.2,512GB,Windows 11,N/A,Intel Core i7
"acer Nitro V 15, AMD Ryzen 7-7445HS, NVIDIA GeForce RTX 4050-6 GB, 16GB DDR5, 512GB SSD, FHD IPS, 15.6""/39.62cm, 165Hz, Win 11 Home, Obsidian Black, 2.1KG, ANV15-42, Gaming Laptop","76,990",ACER,16GB,3.7,512GB,Windows 11,Black,N/A
"Lenovo LOQ 2024, Intel Core i5-13450HX, 13th Gen, NVIDIA RTX 4050-6GB, 16GB RAM, 512GB SSD, FHD 144Hz, 15.6""/39.6cm, Windows 11, Office Home 2024, Grey, 2.4Kg, 83DV018JIN, 1Yr ADP Free Gaming Laptop","89,990",LENOVO,16GB,4.1,512GB,Windows 11,N/A,Intel Core i5-13450HX
"Dell SmartChoice G15-5530, Intel Core i5 13th Gen - 13450HX, NVIDIA RTX 3050-6GB, 16GB RAM, 1TB SSD, FHD 15.6""/39.62 cm, Windows 11 Home, MS Office 21, Dark Shadow Grey, 2.65Kg Gaming Laptop","77,787",DELL,16GB,4.0,1TB,Windows 11,N/A,Intel Core i5
"Lenovo V15 G4 AMD Ryzen 5 7520U 15.6 inch FHD Laptop, AMD Graphics, 16GB DDR5 5500Mhz Ram, 512GB SSD NVMe, Windows 11, Dolby Audio, Arctic Grey, 1 Year Onsite Brand Warranty","41,610",LENOVO,16GB,4.0,512GB,Windows 11,N/A,N/A
"Lenovo Yoga Slim 7, Intel Core Ultra 5 125H, 16GB RAM, 512GB SSD, AI PC, WUXGA-OLED, 14""/35.5cm, Windows 11, Microsoft 365 Basic + Office 2024, Grey, 1.39Kg, 83CV00DFIN, AI Powered Laptop","84,990",LENOVO,16GB,4.3,512GB,Windows 11,N/A,N/A
"ASUS TUF A15 (2025), AMD Ryzen 7 7445HS, Gaming Laptop(RTX 3050,75W TGP,16GB DDR5(Upgradeable Upto 64GB )512GB SSD,FHD,15.6"",144Hz,RGB Keyboard,48Whrs,Windows 11,Graphite Black,2.3 Kg) FA506NCG-HN199W","64,990",ASUS,16GB,4.2,512GB,Windows 11,Black,N/A
"Lenovo {SmartChoice)Chromebook Intel Celeron N4500 (4GB RAM/64GB eMMC 5.1/11.6 Inch (29.46cm)/HD Display/2Wx2 Stereo Speakers/HD Camera/Chrome OS/Blue/1.21Kg), 82UY0014HA",N/A,LENOVO,4GB,3.8,N/A,N/A,Blue,N/A
"HP Pavilion x360, 13th Gen Intel Core i5-1335U (16GB DDR4, 1TB SSD) FHD, 14''/35.6 cm, Touchscreen 2-in-1, Win 11, Office 21, Silver, 1.51 kg, ek1010TU/1149tu, FPR, 5MP Camera, B&O, Backlit Laptop","77,490",HP,16GB,3.9,1TB,Windows 11,Silver,Intel Core i5-1335U
"ASUS Vivobook 16, 13th Gen, Intel Core i5-13420H,16GB RAM,512GB SSD,FHD (1920 x 1200) OLED,Win 11,M365 Basic (1Year)*,Backlit Keyboard,Office 2024,Silver,1.88 kg,X1605VA-SH1952WS, Thin & Light Laptop","62,990",ASUS,16GB,4.2,512GB,Windows 11,Silver,Intel Core i5-13420H
"HP Smartchoice Victus, 13th Gen Intel Core i7-13620H, 8GB RTX 5050, 24GB DDR5(Upgradeable) 1TB SSD, 144Hz, FHD, 15.6''/39.6cm, Win11, M365* Office24, Mica Silver, 2.29kg, fa2309TX, RGB Gaming Laptop","1,05,990",HP,24GB,4.1,1TB,Windows 11,Silver,Intel Core i7-13620H
"ASUS Gaming V16 (2025), 14th Gen,Intel Core 7 240H Gaming Laptop(RTX 5050-8GB/16GB RAM/512GB SSD/FHD+/16""/144Hz/Backlit Keyboard/Windows 11/M365*/Office Home 2024/Matte Black/1.95 Kg) V3607VH-RP038WS","99,990",ASUS,16GB,5.0,512GB,Windows 11,Black,N/A
"STRIFF Laptop Tabletop Stand, Adjustable Laptop Computer Stand, Multi-Angle, Portable Foldable Laptop Riser Notebook Holder Compatible for 9 to 15.6 Laptops (Black)",199,STRIFF,N/A,4.2,N/A,N/A,Black,N/A
"Lenovo IdeaPad Slim 3 AMD Ryzen 7 8840HS 15.3 inch (38.8cm) WUXGA IPS AI PC Laptop(16GB RAM/512GB SSD/Windows 11/Office Home 2024/Backlit Keyboard/1Yr ADP Free/Grey/1.6Kg), 83KA0048IN","77,490",LENOVO,16GB,4.8,512GB,Windows 11,N/A,N/A
"ASUS Vivobook 14,Smartchoice,AMD Ryzen AI 5 330, 16GB RAM, 512GB SSD,FHD+ 14"", Win11,Office24, M365 Basic (1Yr)*,Quiet Blue, 1.46Kg,M1407KA-LY132WS,AMD Radeon iGPU, 50 Tops,Next-Gen AI Laptop,Copilot+","59,990",ASUS,16GB,3.3,512GB,Windows 11,Blue,N/A
"Dell 15, Intel Core i5 13th Gen-1334U Processor, 16GB DDR4, 512GB SSD, FHD, 15.6""/39.62cm, Windows 11, MSO 2024, Grey, 1.66kg, [Vostro 3530], 120Hz 250 nits, 15 Month McAfee, Thin & Light, Laptop","56,990",DELL,16GB,3.7,512GB,Windows 11,N/A,Intel Core i5
"Dell 15, Intel Core 3 14th Gen-100U, 16GB DDR4, 512GB SSD, FHD IPS, 15.6""/39.62cm, Win 11 Office H&S 2024, Carbon Black, 1.63Kg, Intel UHD Graphics, Thin & Light, Laptop Model NO - Dell 15 DCU5250","44,326",DELL,16GB,3.9,512GB,Windows 11,Black,N/A
"HP 15, AMD Ryzen 3 7320U (8GB DDR4, 512GB SSD) FHD, Anti-Glare, Micro-Edge, 15.6''/39.6cm, Win11, M365 Basic(1yr)* Office24, Silver, 1.59kg, fc0500AU, FHD Camera w/Privacy Shutter Laptop","37,490",HP,8GB,4.1,512GB,Windows 11,Silver,N/A
"Lenovo ThinkBook 16, AMD Ryzen 5 7535HS, 16GB RAM, 512GB SSD, WUXGA IPS 16"", Windows 11 Home, Office 2024, 1.7kg, 21MWA0BSIN, Backlit Keyboard, Fingerprint, 300 Nits, 1Y Warranty, Aluminium Top Laptop","58,990",LENOVO,16GB,4.0,512GB,Windows 11,N/A,N/A
"HP 14s Intel Celeron Dual Core N4500 Laptop (8GB/512GB SSD/Win 11) 14.0"" HD Display, MSO 24, Black, 1.46kg, DQ3149TU Thin and Light Business Laptop","30,490",HP,N/A,3.5,512GB,Windows 11,Black,N/A
Ienovo ThinkPad L14 | InteI Core i5 11th Gen Processor | 8GB RAM/256GB SSD | 14″ FHD Display | Win 10 | A+ Condition Laptop (Refab),"31,995",IENOVO,8GB,5.0,256GB,Windows 10,N/A,N/A
"ASUS Vivobook 15, 13th Gen, Intel Core i3-1315U, 8 GB RAM, 512GB SSD, FHD, Anti-Glare, 15.6"", 39.6 cm, Windows 11 Home, M365 Basic(1yr)* Office24, Cool Silver, 1.70 kg, X1504VA-BQ321WS, Laptop","39,900",ASUS,8GB,4.2,512GB,Windows 11,Silver,Intel Core i3-1315U
"ASUS Vivobook Go 14, AMD Ryzen 3 7320U, 8GB RAM, 512GB SSD, FHD 14"", Windows 11, Office Home 2024, Mixed Black, 1.38 kg, E1404FA-NK3325WS, AMD Radeon iGPU, M365 Basic (1Year)*, Thin & Light Laptop","33,990",ASUS,8GB,4.2,512GB,Windows 11,Black,N/A
"ThinkPad L430 Business Laptop | Core i5-3320M | 8GB RAM | 128GB SSD | Win10 Pro | 14inch | Office Ready (8, GB)","12,990",THINKPAD,8GB,1.0,128GB,Windows 10,N/A,N/A
"ASUS Zenbook 14,Intel Core Ultra 7 (Series 2), Intel Arc iGPU,32GB,1TB,3K OLED Touch Screen,14"",Windows 11,M365 Basic (1Year)*,Office 2024,Ponder Blue,1.28 kg UX3405CA-PZ163WS, Thin & Light Laptop","1,14,990",ASUS,N/A,4.1,N/A,Windows 11,Blue,N/A
"Dell SmartChoice G15-5530, Intel Core i5 13th Gen - 13450HX, NVIDIA RTX 3050-6GB, 16GB RAM, 1TB SSD, FHD 15.6""/39.62 cm, Windows 11 Home, MS Office 21, Dark Shadow Grey, 2.65Kg Gaming Laptop","77,787",DELL,16GB,4.0,1TB,Windows 11,N/A,Intel Core i5
"Lenovo V15 G4 AMD Ryzen 5 7520U 15.6 inch FHD Laptop, AMD Graphics, 16GB DDR5 5500Mhz Ram, 512GB SSD NVMe, Windows 11, Dolby Audio, Arctic Grey, 1 Year Onsite Brand Warranty","41,610",LENOVO,16GB,4.0,512GB,Windows 11,N/A,N/A
"HP Omen, 14th Gen Intel Core i9-14900HX, 8GB RTX 5060, 24GB DDR5(Upgradeable) 1TB SSD, 165Hz, 2k WUXGA, 3ms, 400 nits, 16''/40.6cm, Win11, M365* Office24, Black, 2.43kg, am0279TX, RGB, Gaming Laptop","1,64,490",HP,24GB,3.6,1TB,Windows 11,Black,Intel Core i9-14900HX
"HP Smartchoice Victus, 13th Gen Intel Core i5-13420H, 4GB RTX 3050, 16GB DDR4(Upgradeable) 512GB SSD, 144Hz, 300nits, FHD, 15.6’’/39.6cm, Win11, Office24, Blue, 2.29kg, fa2190/fa2191tx Gaming Laptop","67,990",HP,16GB,3.9,512GB,Windows 11,Blue,Intel Core i5-13420H
"HP 14, Intel Core Ultra 7 155H (24GB DDR5, 1TB SSD), Micro-Edge, Anti-Glare, FHD, 14''/35.6cm, Win11, M365* Office24, Silver, 1.4kg, ep1181TU, FHD Camera, Backlit Laptop","84,790",HP,24GB,3.0,1TB,Windows 11,Silver,N/A
"HP Omen, AMD Ryzen 9 8940HX, 8GB RTX 5070, 24GB DDR5(Upgradeable) 1TB SSD, 240Hz, 2k WUXGA, 3ms, 400 nits, 16''/40.6cm, Win11, M365* Office24, Black, 2.44kg, ap0182AX, RGB, AI Gaming Laptop","1,69,990",HP,24GB,4.2,1TB,Windows 11,Black,N/A
Thomson NEO 14.1 Inch IN-P14C Intel Celeron Dual Core N4020 Processor & Window 11 Home Notebook (4 GB RAM DDR4/ 128 GB SSD/Numeric Touch Pad/Thin & Light Weight/Silver),"12,990",THOMSON,4GB,2.2,128GB,N/A,Silver,N/A
"HP Omen 16 Max, Intel Core Ultra 9 275HX processor,16GB NVIDIA RTX 5080 Gaming AI Laptop (32GB DDR5,1TB SSD) 60-240 Hz,3Ms,IPS,WQXGA,16''/40.6Cm,Win11,M365* Office24,Black,2.68Kg,RGB Backlit, Ah0076Tx","2,87,999",HP,32GB,3.3,1TB,Windows 11,Black,N/A
"acer Nitro V 15, Intel core i7-13th Gen 13620H,NVIDIA GeForce RTX - 5050 8GB, 16 GB,512 GB,Full HD IPS,15.6""/39.62 cm,165 Hz, Win 11 Home, Obsidian Black, 2.113 kg, ANV15-52, Amber KB,Gaming Laptop","99,990",ACER,N/A,3.1,N/A,Windows 11,Black,Intel core i7-13th
"ASUS TUF A16 (2025), AMD Ryzen 7 7445HS, Gaming Laptop (RTX 4050-6GB/140W TGP/16GB RAM/1TB SSD/FHD+/16""/144Hz/56Whrs/Windows 11/M365 Basic (1Year)*/Office Home 2024/Mecha Gray/2.2Kg) FA607NUG-RL189WS","89,990",ASUS,16GB,4.1,1TB,Windows 11,Gray,N/A
"Lenovo IdeaPad Slim 3 AMD Ryzen 7 8840HS 15.3 inch (38.8cm) WUXGA IPS AI PC Laptop(16GB RAM/512GB SSD/Windows 11/Office Home 2024/Backlit Keyboard/1Yr ADP Free/Grey/1.6Kg), 83KA0048IN","77,490",LENOVO,16GB,4.8,512GB,Windows 11,N/A,N/A
"ASUS Vivobook S14,Smartchoice,AMD Ryzen AI 5 330,16GB RAM,512GB SSD,OLED,14"",Win11,Office24,M365 Basic (1Yr),Matte Gray,1.4Kg,M3407KA-SF044WS,50 Tops,Metallic Design Laptop,Next-Gen AI Laptop,Copilot+","65,990",ASUS,16GB,4.4,512GB,Windows 11,Gray,N/A
"Dell 15, Intel Core i5 13th Gen-1334U Processor, 16GB DDR4, 512GB SSD, FHD, 15.6""/39.62cm, Windows 11, MSO 2024, Grey, 1.66kg, [Vostro 3530], 120Hz 250 nits, 15 Month McAfee, Thin & Light, Laptop","56,990",DELL,16GB,3.7,512GB,Windows 11,N/A,Intel Core i5
"Dell 15, Intel Core 3 14th Gen-100U, 16GB DDR4, 512GB SSD, FHD IPS, 15.6""/39.62cm, Win 11 Office H&S 2024, Carbon Black, 1.63Kg, Intel UHD Graphics, Thin & Light, Laptop Model NO - Dell 15 DCU5250","44,326",DELL,16GB,3.9,512GB,Windows 11,Black,N/A
"ASUS TUF A16 (2025), AMD Ryzen 7 7445HS, Gaming Laptop (RTX 4050-6GB/140W TGP/16GB RAM/1TB SSD/FHD+/16""/144Hz/56Whrs/Windows 11/M365 Basic (1Year)*/Office Home 2024/Mecha Gray/2.2Kg) FA607NUG-RL189WS","89,990",ASUS,16GB,4.1,1TB,Windows 11,Gray,N/A
"acer Nitro V 15, Intel core i7-13th Gen 13620H,NVIDIA GeForce RTX - 5050 8GB, 16 GB,512 GB,Full HD IPS,15.6""/39.62 cm,165 Hz, Win 11 Home, Obsidian Black, 2.113 kg, ANV15-52, Amber KB,Gaming Laptop","99,990",ACER,N/A,3.1,N/A,Windows 11,Black,Intel core i7-13th
"HP 15 255R G10, AMD Ryzen 5 7535U Hexa Core (6 Core, 12 Threads, 2.9 to Max 4.3 Ghz) (8 GB/512 GB SSD/AMD Radeon Graphics/Windows 11) Thin and Light Laptop(15.6 inch HD Display, Matt Silver, 1.45 kg","38,990",HP,N/A,4.6,512GB,Windows 11,Silver,N/A
"HP 15 Consumer Series Laptop, Intel Core i3-1315U (13th Gen) 12GB DDR4 RAM,512GB NVMe SSD/ 15.6'' FHD Anti-Glare, Micro-Edge, Win11, M365 Basic(1yr)* Office24, Silver,1.59kg, FHD Camera with Shutter","41,700",HP,12GB,4.1,512GB,Windows 11,Silver,Intel Core i3-1315U
"HP 15, 13th Gen Intel Core i7-1355U (16GB DDR4, 512GB SSD) FHD, Anti-Glare, 15.6’’/39.6cm, Win11, M365(1yr)* Office 24, Silver, 1.59kg, Iris Xe, FHD Camera w/Shutter, Backlit Laptop fd0468tu/fd0515tu","67,990",HP,16GB,4.1,512GB,Windows 11,Silver,Intel Core i7-1355U
"Dell 15, Intel Core i3 13th Gen -1305U, 16GB DDR4, 512GB SSD, FHD, 15.6""/39.6cm, Windows 11, Office H&S 2024, Carbon Grey, 1.66Kg, [Vostro 3530], Intel UHD Graphics, Narrow Border, Thin & Light Laptop","42,990",DELL,16GB,3.9,512GB,Windows 11,N/A,Intel Core i3
"ASUS Vivobook 15, Intel Core i3 13th Gen 1315U, 12GB RAM, 512GB SSD, FHD 15.6"", Windows 11, Office Home 2024, Cool Silver, 1.7Kg, X1504VA-BQ331WS, Intel UHD iGPU, Thin & Light, 42Whrs Laptop","39,990",ASUS,12GB,4.2,512GB,Windows 11,Silver,Intel Core i3
"Samsung Galaxy Book 4 15.6"" Full HD | Intel Core i5 1335U | 16GB RAM | 512GB SSD | Win 11 Home | MS Office'2024 | Fingerprint Reader | Intel Iris XE Graphics | Backlit Keyboard |NP750XGJ-LS6IN |Silver","55,700",SAMSUNG,16GB,4.9,512GB,Windows 11,Silver,Intel Core i5
"Dell SmartChoice G15-5530, Intel Core i5 13th Gen - 13450HX, NVIDIA RTX 3050-6GB, 16GB RAM, 1TB SSD, FHD 15.6""/39.62 cm, Windows 11 Home, MS Office 21, Dark Shadow Grey, 2.65Kg Gaming Laptop","77,787",DELL,16GB,4.0,1TB,Windows 11,N/A,Intel Core i5
"Lenovo V15 G4 AMD Ryzen 5 7520U 15.6 inch FHD Laptop, AMD Graphics, 16GB DDR5 5500Mhz Ram, 512GB SSD NVMe, Windows 11, Dolby Audio, Arctic Grey, 1 Year Onsite Brand Warranty","41,610",LENOVO,16GB,4.0,512GB,Windows 11,N/A,N/A
"Lenovo IdeaPad Slim 3, 13th Gen Intel Core i5 13420H, 24GB RAM, 1TB SSD, WUXGA IPS, 15.3""/38.8cm, Windows 11, Office Home 2024, Grey, 1.6Kg, Backlit Keyboard, 1Yr ADP Free, 83K100PLIN, Laptop","70,990",LENOVO,24GB,4.4,1TB,Windows 11,N/A,Intel Core i5
"Dell 15, Intel Core 3, 14th Gen-100U, 8GB DDR4, 512GB SSD, FHD IPS, 15.6""/39.62cm, Win 11, Office H&S 2024, Carbon Black, 1.63Kg, Dell 15, Intel UHD Graphics, 120Hz 250 nit, Thin & Light, Laptop","45,990",DELL,8GB,4.0,512GB,Windows 11,Black,N/A
"Thomson 15.6 Inch In-N15I Windows 11, Intel Corei3 12Th Gen 1215U (8GB DDR / 512GB SSD/Backlight Keyboard) Window 11 (Stylish, 1.65Kg, Ultra Performance/Grey Brush) Notebook","26,490",THOMSON,N/A,2.5,512GB,Windows 11,N/A,N/A
"HP Victus, 13th Gen Intel Core i7-13620H, 8GB RTX 5060, 24GB DDR5(Upgradeable) 1TB SSD, 144Hz, 300nits, IPS, FHD, 15.6""/39.6cm, Win11, M365* Office 24, Mica Silver, 2.29Kg, fa2308TX, RGB Gaming Laptop","1,15,490",HP,24GB,4.3,1TB,Windows 11,Silver,Intel Core i7-13620H
"HP OmniBook 7 OLED (Previously Pavilion Plus) Intel Core Ultra 5 255H (16GB LPDDR5,1TB SSD) 3K, 0.2 ms, 14''/35.6cm, Win11, M365, Office24, Meteor Silver,1.5kg, fr0789TU, 5MP Camera, Backlit AI Laptop","86,490",HP,16GB,3.7,1TB,Windows 11,Silver,N/A
"HP Professional 14 (2025), Intel Core i3 13th Gen 1315U - (16 GB/512 GB SSD/Intel UHD Graphics/Windows 11 Pro) Thin and Light Business Laptop/14.0"" HD Display/Turbo Silver/1.4 Kg/MSO 2021","44,500",HP,N/A,5.0,512GB,Windows 11,Silver,Intel Core i3
"ASUS Vivobook S14, Intel Core Ultra 7 255H, 16GB RAM, 512GB SSD, FHD+ 14"", Windows 11,Office Home 2024 M365 Basic (1Year)*, Cool Silver, 1.4Kg, S3407CA-LY084WS, Intel Arc iGPU, Metallic Design Laptop","80,990",ASUS,16GB,4.5,512GB,Windows 11,Silver,N/A
"HP Victus, AMD Ryzen 7 7445HS, 4GB RTX 2050, 16GB DDR5(Upgradeable) 512GB SSD, FHD, 144Hz, 300 nits, IPS, 15.6'', Win11, M365* Office24, Blue, 2.29kg, fb3189ax /3122/ 23ax Backlit, Gaming Laptop","59,990",HP,16GB,3.9,512GB,Windows 11,Blue,N/A
"Lenovo IdeaPad Slim 3 AMD Ryzen 7 8840HS 15.3 inch (38.8cm) WUXGA IPS AI PC Laptop(16GB RAM/512GB SSD/Windows 11/Office Home 2024/Backlit Keyboard/1Yr ADP Free/Grey/1.6Kg), 83KA0048IN","77,490",LENOVO,16GB,4.8,512GB,Windows 11,N/A,N/A
"ASUS Vivobook S14,Smartchoice,AMD Ryzen AI 5 330,16GB RAM,512GB SSD,OLED,14"",Win11,Office24,M365 Basic (1Yr),Matte Gray,1.4Kg,M3407KA-SF044WS,50 Tops,Metallic Design Laptop,Next-Gen AI Laptop,Copilot+","65,990",ASUS,16GB,4.4,512GB,Windows 11,Gray,N/A
